Workbook

Sheet Dashboard
A1: TRIAXIAL CYBERSECURITY MATURITY FRAMEWORK
A2: Human Factors, Organizational Culture, and Secure Systems Usability (UCD/HC3)
A4: OVERALL MATURITY INDEX | C4: MATURITY CATEGORY | F4: REFERENCE TABLE AND MATURITY LEVELS
A5: =Assessment!H21/Assessment!I21 | C5: =IF(A5<0.4, "Vulnerable / Critical", IF(A5<0.6, "Reactive / Basic", IF(A5<0.8, "Proactive / Managed", "Resilient / Optimized"))) | F5: 0% - 40% | G5: Vulnerable / Critical | H5: High risk of Amygdala Hijacking, high rate of credential exposure (Silva et al., 2025), and poor usability of secure systems.
F6: 41% - 60% | G6: Reactive / Basic | H6: Reactive IT policies (KAB paradox). Users merely sign policy terms without active engagement. Shadow IT and BYOD are uncontrolled.
F7: 61% - 80% | G7: Proactive / Managed | H7: Credential CTI (Silva et al.) is used to feed back into security awareness campaigns (CSA). Partial user-centered design.
A8: PERFORMANCE BY PRISMA (DIMENSION) | F8: 81% - 100% | G8: Resilient / Optimized | H8: Leader maturity. Secure interfaces resistant by design (HC3), integrated resilient culture, and native NIST & LGPD compliance.
A9: Analysis Prism (Dimension) | B9: Overall Score (Maturity %) | C9: Minimum Desired Maturity
A10: Psychological Prism (Human Factors & Biases) | B10: =SUMIF(Assessment!$B$5:$B$20, "Psychological Prism", Assessment!$H$5:$H$20) / SUMIF(Assessment!$B$5:$B$20, "Psychological Prism", Assessment!$I$5:$I$20) | C10: 0.7
A11: Organizational Prism (Intelligence & Culture) | B11: =SUMIF(Assessment!$B$5:$B$20, "Organizational Prism", Assessment!$H$5:$H$20) / SUMIF(Assessment!$B$5:$B$20, "Organizational Prism", Assessment!$I$5:$I$20) | C11: 0.75
A12: Design Prism (Systems & Usability HC3) | B12: =SUMIF(Assessment!$B$5:$B$20, "Design Prism", Assessment!$H$5:$H$20) / SUMIF(Assessment!$B$5:$B$20, "Design Prism", Assessment!$I$5:$I$20) | C12: 0.7
A13: Governance and Compliance (NIST/LGPD) | B13: =SUMIF(Assessment!$B$5:$B$20, "Governance and Compliance", Assessment!$H$5:$H$20) / SUMIF(Assessment!$B$5:$B$20, "Governance and Compliance", Assessment!$I$5:$I$20) | C13: 0.8

Sheet Assessment
A1: DETAILED TRIAXIAL ASSESSMENT AND MATURITY FRAMEWORK
A2: Enter scores from 1 to 5 in Column F (Score) to calculate the overall index
A4: ID | B4: Analysis Prism | C4: Metric / Requirement | D4: Scientific Reference | E4: Evidence & Evaluation Criteria | F4: Score (1-5) | G4: Weight (1-3) | H4: Weighted Score | I4: Max Score | J4: Progress
A5: PS-01 | B5: Psychological Prism | C5: Control of Amygdala Hijacking | D5: Santos & Silva (2025); Hadlington (2017) | E5: Capacity of employees to react reflexively under fear and urgency tactics in Social Engineering. | F5: 3 | G5: 3 | H5: =F5*G5 | I5: =G5*5 | J5: =H5/I5
A6: PS-02 | B6: Psychological Prism | C6: Attenuation of Automation/Confirmation Biases | D6: Santos & Silva (2025); Hagen et al. (2025) | E6: Ability of analysts and end-users to critically evaluate automated AI alerts without blind acceptance. | F6: 3 | G6: 2 | H6: =F6*G6 | I6: =G6*5 | J6: =H6/I6
A7: PS-03 | B7: Psychological Prism | C7: Self-Efficacy & Digital Literacy | D7: Santos & Silva (2025); Anwar et al. (2017) | E7: Adequacy of security campaigns and training according to user socio-demographic and competency profiles. | F7: 3 | G7: 2 | H7: =F7*G7 | I7: =G7*5 | J7: =H7/I7
A8: PS-04 | B8: Psychological Prism | C8: Susceptibility to Phishing Attacks | D8: Santos & Silva (2025); Britto (2024) | E8: Historical performance and behavioral failure rate in controlled corporate phishing simulations. | F8: 3 | G8: 3 | H8: =F8*G8 | I8: =G8*5 | J8: =H8/I8
A9: OR-01 | B9: Organizational Prism | C9: Knowledge-Behavior Paradox | D9: Santos & Silva (2025); Georgiadou (2022) | E9: Degree to which organizational culture translates training into effective real behavior changes. | F9: 3 | G9: 2 | H9: =F9*G9 | I9: =G9*5 | J9: =H9/I9
A10: OR-02 | B10: Organizational Prism | C10: CSA Effectiveness and Resilience (CTI) | D10: Santos & Silva (2025); Silva et al. (2025) | E10: Systematic cross-referencing of training attendance (CSA) with actual credential exposure in CTI databases. | F10: 3 | G10: 3 | H10: =F10*G10 | I10: =G10*5 | J10: =H10/I10
A11: OR-03 | B11: Organizational Prism | C11: Integrated Intelligence Process | D11: Tanabe et al. (2022) | E11: Presence of Direction, Collection, Analysis, Production, and Dissemination phases in security management and decision-making. | F11: 3 | G11: 2 | H11: =F11*G11 | I11: =G11*5 | J11: =H11/I11
A12: OR-04 | B12: Organizational Prism | C12: CTIR Sharing & Notification | D12: Airbus (2024); Gabinete de Seg. (IN 04/2020) | E12: Agile notification of cybersecurity incidents to CTIR Gov within the legal two-hour timeframe. | F12: 3 | G12: 2 | H12: =F12*G12 | I12: =G12*5 | J12: =H12/I12
A13: DS-01 | B13: Design Prism | C13: Use of HC3 Framework | D13: Santos & Silva (2025); Cristiano & Spadafora (2024) | E13: Use of Personas, User Journeys, and Service Blueprints to build usable cryptographic interfaces. | F13: 3 | G13: 3 | H13: =F13*G13 | I13: =G13*5 | J13: =H13/I13
A14: DS-02 | B14: Design Prism | C14: Cognitive Load and Authentication Friction | D14: Santos & Silva (2025); Triplett (2022) | E14: Use of designs that facilitate intuitive security behavior without excessive usability friction. | F14: 3 | G14: 2 | H14: =F14*G14 | I14: =G14*5 | J14: =H14/I14
A15: DS-03 | B15: Design Prism | C15: Security by Design & Human Oversight | D15: Santos & Silva (2025); Gutzwiller et al. (2021) | E15: Design of cyber automation processes that preserve and provide feedback for user oversight capacity. | F15: 3 | G15: 2 | H15: =F15*G15 | I15: =G15*5 | J15: =H15/I15
A16: DS-04 | B16: Design Prism | C16: Shadow IT & BYOD Management | D16: Fernandes et al. (2021) | E16: Existence of approved software, routines, and user-friendly interfaces to manage BYOD devices. | F16: 3 | G16: 1 | H16: =F16*G16 | I16: =G16*5 | J16: =H16/I16
... A20: GO-04 | B20: Governance and Compliance | C20: OSINT Shielding & Risk Score | D20: Jesus et al. (2023) | E20: Utilization of open government source intelligence for registration data validation and fraud prevention. | F20: 3 | G20: 1 | H20: =F20*G20 | I20: =G20*5 | J20: =H20/I20
A21: TOTALS & AVERAGES | F21: =AVERAGE(F5:F20) | G21: =SUM(G5:G20) | H21: =SUM(H5:H20) | I21: =SUM(I5:I20) | J21: =H21/I21
