Workbook

Sheet Panel de Control
A1: FRAMEWORK TRIAXIAL DE MADUREZ EN CIBERSEGURIDAD
A2: Factores Humanos, Cultura Organizacional y Usabilidad de Sistemas Seguros (UCD/HC3)
A4: ÍNDICE GENERAL DE MADUREZ | C4: CATEGORÍA DE MADUREZ | F4: TABLA DE REFERENCIA Y NIVELES DE MADUREZ
A5: =Evaluación!H21/Evaluación!I21 | C5: =IF(A5<0.4, "Vulnerable / Crítico", IF(A5<0.6, "Reactivo / Básico", IF(A5<0.8, "Proactivo / Gestionado", "Resiliente / Optimizado"))) | F5: 0% - 40% | G5: Vulnerable / Crítico | H5: Alto riesgo de Secuestro de la Amígdala (Amygdala Hijacking), alta tasa de exposición de credenciales (Silva et al., 2025) y baja usabilidad de los sistemas seguros.
F6: 41% - 60% | G6: Reactivo / Básico | H6: Políticas de TI reactivas (paradoja CAC). Los usuarios solo firman los términos de la política sin compromiso activo. Shadow IT y BYOD no están controlados.
F7: 61% - 80% | G7: Proactivo / Gestionado | H7: La CTI de credenciales (Silva et al.) se utiliza para retroalimentar las campañas de concienciación en seguridad (CSA). Diseño centrado en el usuario parcial.
A8: DESEMPEÑO POR PRISMA (DIMENSIÓN) | F8: 81% - 100% | G8: Resiliente / Optimizado | H8: Madurez líder. Interfaces seguras resistentes por diseño (HC3), cultura resiliente integrada y cumplimiento nativo con NIST y LGPD.
A9: Prisma de Análisis (Dimensión) | B9: Puntuación General (Madurez %) | C9: Madurez Mínima Deseada
A10: Prisma Psicológico (Factores Humanos y Sesgos) | B10: =SUMIF(Evaluación!$B$5:$B$20, "Prisma Psicológico", Evaluación!$H$5:$H$20) / SUMIF(Evaluación!$B$5:$B$20, "Prisma Psicológico", Evaluación!$I$5:$I$20) | C10: 0.7
A11: Prisma Organizacional (Inteligencia y Cultura) | B11: =SUMIF(Evaluación!$B$5:$B$20, "Prisma Organizacional", Evaluación!$H$5:$H$20) / SUMIF(Evaluación!$B$5:$B$20, "Prisma Organizacional", Evaluación!$I$5:$I$20) | C11: 0.75
A12: Prisma de Diseño (Sistemas y Usabilidad HC3) | B12: =SUMIF(Evaluación!$B$5:$B$20, "Prisma de Diseño", Evaluación!$H$5:$H$20) / SUMIF(Evaluación!$B$5:$B$20, "Prisma de Diseño", Evaluación!$I$5:$I$20) | C12: 0.7
A13: Gobernanza y Cumplimiento (NIST/LGPD) | B13: =SUMIF(Evaluación!$B$5:$B$20, "Gobernanza y Cumplimiento", Evaluación!$H$5:$H$20) / SUMIF(Evaluación!$B$5:$B$20, "Gobernanza y Cumplimiento", Evaluación!$I$5:$I$20) | C13: 0.8

Sheet Evaluación
A1: EVALUACIÓN TRIAXIAL DETALLADA Y FRAMEWORK DE MADUREZ
A2: Ingrese puntuaciones de 1 a 5 en la Columna F (Puntuación) para calcular el índice general
A4: ID | B4: Prisma de Análisis | C4: Métrica / Requisito | D4: Referencia Científica | E4: Evidencia y Criterios de Evaluación | F4: Puntuación (1-5) | G4: Peso (1-3) | H4: Puntuación Ponderada | I4: Puntuación Máxima | J4: Progreso
A5: PS-01 | B5: Prisma Psicológico | C5: Control del Secuestro de la Amígdala (Amygdala Hijacking) | D5: Santos & Silva (2025); Hadlington (2017) | E5: Capacidad de los empleados para reaccionar de forma reflexiva ante tácticas de miedo y urgencia en Ingeniería Social. | F5: 3 | G5: 3 | H5: =F5*G5 | I5: =G5*5 | J5: =H5/I5
A6: PS-02 | B6: Prisma Psicológico | C6: Atenuación de los Sesgos de Automatización/Confirmación | D6: Santos & Silva (2025); Hagen et al. (2025) | E6: Capacidad de analistas y usuarios finales para evaluar críticamente las alertas automatizadas de IA sin aceptación ciega. | F6: 3 | G6: 2 | H6: =F6*G6 | I6: =G6*5 | J6: =H6/I6
A7: PS-03 | B7: Prisma Psicológico | C7: Autoeficacia y Alfabetización Digital | D7: Santos & Silva (2025); Anwar et al. (2017) | E7: Adecuación de las campañas y capacitaciones de seguridad al perfil sociodemográfico y de competencia de los usuarios. | F7: 3 | G7: 2 | H7: =F7*G7 | I7: =G7*5 | J7: =H7/I7
A8: PS-04 | B8: Prisma Psicológico | C8: Susceptibilidad a Ataques de Phishing | D8: Santos & Silva (2025); Britto (2024) | E8: Desempeño histórico y tasa de fallo conductual en simulaciones controladas de phishing corporativo. | F8: 3 | G8: 3 | H8: =F8*G8 | I8: =G8*5 | J8: =H8/I8
A9: OR-01 | B9: Prisma Organizacional | C9: Paradoja Conocimiento-Comportamiento | D9: Santos & Silva (2025); Georgiadou (2022) | E9: Grado en que la cultura organizacional traduce la capacitación en cambios de comportamiento reales y efectivos. | F9: 3 | G9: 2 | H9: =F9*G9 | I9: =G9*5 | J9: =H9/I9
A10: OR-02 | B10: Prisma Organizacional | C10: Efectividad y Resiliencia del CSA (CTI) | D10: Santos & Silva (2025); Silva et al. (2025) | E10: Cruce sistemático de la participación en capacitaciones (CSA) con la exposición real de credenciales en bases de datos de CTI. | F10: 3 | G10: 3 | H10: =F10*G10 | I10: =G10*5 | J10: =H10/I10
A11: OR-03 | B11: Prisma Organizacional | C11: Proceso de Inteligencia Integrada | D11: Tanabe et al. (2022) | E11: Presencia de las fases de Dirección, Recolección, Análisis, Producción y Difusión en la gestión de seguridad y la toma de decisiones. | F11: 3 | G11: 2 | H11: =F11*G11 | I11: =G11*5 | J11: =H11/I11
A12: OR-04 | B12: Prisma Organizacional | C12: Compartición y Notificación al CTIR | D12: Airbus (2024); Gabinete de Seg. (IN 04/2020) | E12: Notificación ágil de incidentes de ciberseguridad al CTIR Gov dentro del plazo legal de dos horas. | F12: 3 | G12: 2 | H12: =F12*G12 | I12: =G12*5 | J12: =H12/I12
A13: DS-01 | B13: Prisma de Diseño | C13: Uso del Framework HC3 | D13: Santos & Silva (2025); Cristiano & Spadafora (2024) | E13: Uso de Personas, User Journeys y Service Blueprints para construir interfaces criptográficas utilizables. | F13: 3 | G13: 3 | H13: =F13*G13 | I13: =G13*5 | J13: =H13/I13
A14: DS-02 | B14: Prisma de Diseño | C14: Carga Cognitiva y Fricción de Autenticación | D14: Santos & Silva (2025); Triplett (2022) | E14: Uso de diseños que facilitan el comportamiento de seguridad intuitivo sin fricción excesiva de usabilidad. | F14: 3 | G14: 2 | H14: =F14*G14 | I14: =G14*5 | J14: =H14/I14
A15: DS-03 | B15: Prisma de Diseño | C15: Seguridad por Diseño y Supervisión Humana | D15: Santos & Silva (2025); Gutzwiller et al. (2021) | E15: Diseño de procesos de automatización cibernética que preservan y retroalimentan la capacidad de supervisión del usuario. | F15: 3 | G15: 2 | H15: =F15*G15 | I15: =G15*5 | J15: =H15/I15
A16: DS-04 | B16: Prisma de Diseño | C16: Gestión de Shadow IT y BYOD | D16: Fernandes et al. (2021) | E16: Existencia de software aprobado, rutinas e interfaces amigables para gestionar dispositivos BYOD. | F16: 3 | G16: 1 | H16: =F16*G16 | I16: =G16*5 | J16: =H16/I16
... A20: GO-04 | B20: Gobernanza y Cumplimiento | C20: Blindaje OSINT e Índice de Riesgo | D20: Jesus et al. (2023) | E20: Utilización de inteligencia de fuentes abiertas gubernamentales para la validación de datos de registro y prevención de fraude. | F20: 3 | G20: 1 | H20: =F20*G20 | I20: =G20*5 | J20: =H20/I20
A21: TOTALES Y PROMEDIOS | F21: =AVERAGE(F5:F20) | G21: =SUM(G5:G20) | H21: =SUM(H5:H20) | I21: =SUM(I5:I20) | J21: =H21/I21
